name,sex,yob
Stephen,M,1992
Brandon,M,1997
Taylor,F,1997
Zachary,M,1996
Sara,F,1992
Emily,F,1992
Samantha,F,1993
William,M,1998
John,M,1990
Christina,F,1992
Jordan,M,1998
Alexander,M,1999
Tiffany,F,1998
Alyssa,F,1997
Christian,M,1991
Justin,M,1994
Timothy,M,1998
Austin,M,1998
Charles,M,1992
Rachel,F,1998
Katherine,F,1990
Shelby,F,1992
Maria,F,1993
Laura,F,2000
Joseph,M,1995
Abigail,F,1994
Danielle,F,1993
Robert,M,1997
Jonathan,M,1995
David,M,1995
James,M,1999
Sean,M,1991
Michelle,F,1993
Jose,M,1997
Thomas,M,1999
Lauren,F,1993
Cody,M,1990
Mary,F,1992
Allison,F,2000
Rebecca,F,2000
Matthew,M,1995
Hannah,F,1991
Sarah,F,1997
Megan,F,1998
Natalie,F,1993
Mark,M,1997
Nathan,M,1993
Michael,M,1999
Dylan,M,1996
Amber,F,1990
Nicholas,M,1995
Olivia,F,1999
Stephanie,F,1991
Anna,F,1991
Patrick,M,1994
Courtney,F,1994
Victoria,F,1994
Ashley,F,1994
Joshua,M,1999
Richard,M,1994
Daniel,M,1999
Brianna,F,1994
Kaitlyn,F,1992
Benjamin,M,1995
Jacob,M,1994
Christopher,M,1994
Samuel,M,1998
Ethan,M,1997
Adam,M,1996
Heather,F,1997
Kimberly,F,1997
Aaron,M,1992
Cameron,M,2000
Melissa,F,1990
Ryan,M,1994
Jessica,F,1998
Amanda,F,1996
Eric,M,1999
Chelsea,F,1997
Anthony,M,1997
Jennifer,F,1996
Nicole,F,1999
Kelsey,F,1993
Kevin,M,1995
Haley,F,1998
Jason,M,1998
Steven,M,1990
Elizabeth,F,1995
Jasmine,F,1997
Morgan,F,1999
Madison,F,1995
Alexandra,F,1992
Brian,M,2000
Jeremy,M,1995
Kyle,M,1994
Kayla,F,1991
Alexis,F,1999
Tyler,M,1995
Brittany,F,1998
Andrew,M,1992
